{"cameraMode":{"drawMode":0,"name":"Shaded","section":"Shading Mode"},"sceneLighting":true,"audioPlay":false,"sceneViewState":{"showFog":false,"showMaterialUpdate":false,"showSkybox":false,"showFlares":false,"showImageEffects":false,"showParticleSystems":false},"in2DMode":false,"pivot":{"x":2.7250001430511476,"y":-6.52500057220459,"z":89.9749984741211},"rotation":{"x":-0.1360723376274109,"y":-0.00862154271453619,"z":0.001184814260341227,"w":-0.9906607270240784},"size":74.07559967041016,"orthographic":false}