{"cameraMode":{"drawMode":0,"name":"Shaded","section":"Shading Mode"},"sceneLighting":true,"audioPlay":false,"sceneViewState":{"showFog":false,"showMaterialUpdate":false,"showSkybox":false,"showFlares":false,"showImageEffects":false,"showParticleSystems":false},"in2DMode":false,"pivot":{"x":279.0464172363281,"y":468.2801818847656,"z":9.548736572265625},"rotation":{"x":-0.08512946218252182,"y":-0.07883045077323914,"z":0.006757158320397139,"w":-0.9932236075401306},"size":475.7976989746094,"orthographic":false}